<?xml version="1.0" encoding="UTF-8" standalone="yes"?>
<informationSet xmlns="ec/tss.core">
    <item name="algorithm">
        <method version="3.0.0">
            <name>x13</name>
            <family>Seasonal adjustment</family>
        </method>
    </item>
    <item name="regarima">
        <subset>
            <item name="algorithm">
                <method version="3.0.0">
                    <name>regarima</name>
                    <family>Modelling</family>
                </method>
            </item>
            <item name="transform">
                <subset>
                    <item name="function">
                        <string>Auto</string>
                    </item>
                </subset>
            </item>
            <item name="automdl">
                <subset/>
            </item>
            <item name="outlier">
                <subset>
                    <item name="ao">
                        <double>0.0</double>
                    </item>
                    <item name="ls">
                        <double>0.0</double>
                    </item>
                    <item name="tc">
                        <double>0.0</double>
                    </item>
                </subset>
            </item>
            <item name="regression">
                <subset>
                    <item name="tradingdays">
                        <subset>
                            <item name="autopval1">
<double>0.0</double>
                            </item>
                            <item name="autopval2">
<double>0.0</double>
                            </item>
                            <item name="autoadjust">
<boolean>false</boolean>
                            </item>
                            <item name="user">
<strings>
    <items>Vars-1.reg_cjo_m
REG6_Lundi Vars-1.reg_cjo_m
REG6_Mardi Vars-1.reg_cjo_m
REG6_Mercredi Vars-1.reg_cjo_m
REG6_Jeudi Vars-1.reg_cjo_m
REG6_Vendredi Vars-1.reg_cjo_m
REG6_Samedi Vars-1.reg_cjo_m
LY</items>
</strings>
                            </item>
                        </subset>
                    </item>
                </subset>
            </item>
        </subset>
    </item>
</informationSet>
